[{"model": "admin.logentry", "pk": 1, "fields": {"action_time": "2022-03-01T00:35:37.557Z", "user": 1, "content_type": 13, "object_id": "1", "object_repr": "test", "action_flag": 1, "change_message": "[{\"added\": {}}]"}}, {"model": "admin.logentry", "pk": 2, "fields": {"action_time": "2022-03-01T11:11:07.010Z", "user": 1, "content_type": 13, "object_id": "1", "object_repr": "Lee House LIVE", "action_flag": 2, "change_message": "[{\"changed\": {\"fields\": [\"Name\", \"Location name\", \"Location postcode\", \"Description\", \"Image url\"]}}]"}}, {"model": "admin.logentry", "pk": 3, "fields": {"action_time": "2022-03-01T11:13:00.392Z", "user": 1, "content_type": 13, "object_id": "2", "object_repr": "Thitaree Srithong LIVE", "action_flag": 1, "change_message": "[{\"added\": {}}]"}}, {"model": "admin.logentry", "pk": 4, "fields": {"action_time": "2022-03-01T23:30:14.089Z", "user": 1, "content_type": 13, "object_id": "1", "object_repr": "Lee House LIVE", "action_flag": 2, "change_message": "[{\"changed\": {\"fields\": [\"Image url\", \"Image\"]}}]"}}, {"model": "admin.logentry", "pk": 5, "fields": {"action_time": "2022-03-01T23:30:41.637Z", "user": 1, "content_type": 13, "object_id": "2", "object_repr": "Thitaree Srithong LIVE", "action_flag": 2, "change_message": "[{\"changed\": {\"fields\": [\"Image url\", \"Image\"]}}]"}}, {"model": "admin.logentry", "pk": 6, "fields": {"action_time": "2022-03-02T00:00:17.596Z", "user": 1, "content_type": 13, "object_id": "1", "object_repr": "Lee House LIVE", "action_flag": 2, "change_message": "[{\"changed\": {\"fields\": [\"Starts\", \"Ends\"]}}]"}}, {"model": "admin.logentry", "pk": 7, "fields": {"action_time": "2022-03-02T23:51:56.020Z", "user": 1, "content_type": 7, "object_id": "1", "object_repr": "ticketspark.example.com", "action_flag": 2, "change_message": "[{\"changed\": {\"fields\": [\"Domain name\", \"Display name\"]}}]"}}, {"model": "admin.logentry", "pk": 8, "fields": {"action_time": "2022-03-02T23:58:55.312Z", "user": 1, "content_type": 8, "object_id": "1", "object_repr": "leejonhouse@gmail.com", "action_flag": 1, "change_message": "[{\"added\": {}}]"}}, {"model": "admin.logentry", "pk": 9, "fields": {"action_time": "2022-03-08T10:17:05.879Z", "user": 1, "content_type": 13, "object_id": "1", "object_repr": "Lee House LIVE", "action_flag": 2, "change_message": "[{\"changed\": {\"fields\": [\"Starts\", \"Ends\"]}}]"}}, {"model": "admin.logentry", "pk": 10, "fields": {"action_time": "2022-03-08T10:17:15.768Z", "user": 1, "content_type": 13, "object_id": "2", "object_repr": "Thitaree Srithong LIVE", "action_flag": 2, "change_message": "[]"}}, {"model": "admin.logentry", "pk": 11, "fields": {"action_time": "2022-03-25T09:58:43.709Z", "user": 1, "content_type": 13, "object_id": "3", "object_repr": "Brandon Akara", "action_flag": 1, "change_message": "[{\"added\": {}}]"}}, {"model": "admin.logentry", "pk": 12, "fields": {"action_time": "2022-03-31T12:27:24.233Z", "user": 1, "content_type": 14, "object_id": "1", "object_repr": "74946271389B4CDCBB1E3060AD5BF775", "action_flag": 2, "change_message": "[{\"changed\": {\"name\": \"order line item\", \"object\": \"Event Thitaree Srithong LIVE on order 74946271389B4CDCBB1E3060AD5BF775\", \"fields\": [\"Quantity\"]}}]"}}, {"model": "admin.logentry", "pk": 13, "fields": {"action_time": "2022-03-31T12:27:59.059Z", "user": 1, "content_type": 14, "object_id": "1", "object_repr": "74946271389B4CDCBB1E3060AD5BF775", "action_flag": 2, "change_message": "[{\"deleted\": {\"name\": \"order line item\", \"object\": \"Event Thitaree Srithong LIVE on order 74946271389B4CDCBB1E3060AD5BF775\"}}, {\"deleted\": {\"name\": \"order line item\", \"object\": \"Event Lee House LIVE on order 74946271389B4CDCBB1E3060AD5BF775\"}}, {\"deleted\": {\"name\": \"order line item\", \"object\": \"Event Brandon Akara on order 74946271389B4CDCBB1E3060AD5BF775\"}}]"}}, {"model": "admin.logentry", "pk": 14, "fields": {"action_time": "2022-03-31T12:28:14.860Z", "user": 1, "content_type": 14, "object_id": "1", "object_repr": "74946271389B4CDCBB1E3060AD5BF775", "action_flag": 2, "change_message": "[]"}}, {"model": "admin.logentry", "pk": 15, "fields": {"action_time": "2022-03-31T12:28:28.700Z", "user": 1, "content_type": 14, "object_id": "1", "object_repr": "74946271389B4CDCBB1E3060AD5BF775", "action_flag": 3, "change_message": ""}}, {"model": "auth.user", "pk": 1, "fields": {"password": "pbkdf2_sha256$260000$n1a79MQkppp5QshmZf2cXM$1THhm68drIY9A/RyYlOS3wSvPik+2GsifdQFSbAj61Y=", "last_login": "2022-04-04T22:15:57.045Z", "is_superuser": true, "username": "admin", "first_name": "", "last_name": "", "email": "leejonhouse@gmail.com", "is_staff": true, "is_active": true, "date_joined": "2022-03-01T00:06:30.750Z", "groups": [], "user_permissions": []}}, {"model": "sessions.session", "pk": "8m74n446i4p1ttehyzg4vkh81tef5jwf", "fields": {"session_data": "e30:1nbUyj:87coZSgSXafkWX-eqGPf82LO1RniQz_HQl5WgNCAvQw", "expire_date": "2022-04-18T22:15:17.976Z"}}, {"model": "sessions.session", "pk": "df9zogjfcb3yrcypzkkcl3x2nbqr1a9r", "fields": {"session_data": ".eJxVjk0OgjAQhe8ya0JaqLV0pxdpZsogjaQaWhIN4e4Ww0KX72e-eSs4XPLolsSzCz1YkFD9eoT-znEPcJp2u0bvH0vM9bdzxKm-FMUxB485POL1uPpDjZjGwtEkiFG3Sum2ob7TiOasSCiWndJGUms0oUGUfiBpZGOE0jxI4qHpGP0OTZxSeeP49QzzG6yogPAGdi3z7WnbPoijR4M:1nU6Wk:x2AuQHx8QG5okYRjIoNGKtiCjmWfwhzfnBozbhjSKeI", "expire_date": "2022-03-29T12:43:50.420Z"}}, {"model": "sessions.session", "pk": "mc2jnlv6tzp5tot08ydol7eez9q7ha1x", "fields": {"session_data": "eyJiYWciOnsiMiI6MiwiMSI6OX19:1nVIWg:N_OdWmMDCfTnlP9l_j_Hv8u7X1r5UrfgudRgXpWCMoI", "expire_date": "2022-04-01T19:44:42.084Z"}}, {"model": "sessions.session", "pk": "oud0s2dhgax5vcpl1gfsxlctqzg610n4", "fields": {"session_data": ".eJxVjU0OwiAQhe8y66aBliDtTi9CZuiQEhtqChiN8e5S04Uu39_3XmCx5NmWxJsNE4wgofn1CN2V4x7gsux2i86tJeb22zni1J6r4piDwxzWeDlWf6gZ01w5mgQx6l4p3Xc0DRrRnBQJxXJQ2kjqjSY0iNJ5kkZ2RijNXhL7bmB0OzRxSvXG8uMWtieMooGEd7Yh-hXGvBV-fwBuekn3:1ncTIR:gbJNhJx5bW7LqSen_h9s3vt_XMvZHnse1tbKXM8ZI3Y", "expire_date": "2022-04-21T14:39:39.669Z"}}, {"model": "sessions.session", "pk": "qjpjh2lul1fgt27a9f6yn5m5eo33ty7q", "fields": {"session_data": ".eJxVjU0OgjAQhe_StSEdaMbCTi_SzJRpaCTF0JJojHe3GBa6fH_feylHW5nclmV1cVSDAnX69Zj8TdIe0DzvdkPeL1sqzbdzxLm5VCWpRE8lLul6rP5QE-WpcpA1C2FnDHYtjz0S2bNhbQR6gxa4s8hkicAHBgut1QYlAEtoeyG_Q7PkXG-cPO5xfapBvz-620PT:1nPYxx:pTBb8uE9zHBS1nHcinoy-Zt-2LgKAGB_au9arHHRx3w", "expire_date": "2022-03-17T00:05:09.351Z"}}, {"model": "sites.site", "pk": 1, "fields": {"domain": "ticketspark.example.com", "name": "TicketSpark"}}, {"model": "account.emailaddress", "pk": 1, "fields": {"user": 1, "email": "leejonhouse@gmail.com", "verified": true, "primary": true}}, {"model": "events.event", "pk": 1, "fields": {"name": "Lee House LIVES", "starts": "2022-03-09T18:00:00Z", "ends": "2022-03-09T11:59:00Z", "location_name": "Acapela", "location_postcode": "CF11 6EX", "description": "What does this look like? This is the best god damn gig you will ever see in your entire life. Lee is amazing, not really, but yes, but no, but probably....", "price": "9.99", "available_tickets": 200, "image": "gas.jpeg"}}, {"model": "events.event", "pk": 2, "fields": {"name": "Thitaree Srithong LIVE", "starts": "2022-03-01T11:11:21Z", "ends": "2022-03-01T11:59:00Z", "location_name": "Craddock Street", "location_postcode": "CF11 6EX", "description": "More amazing stuff to see from traditional thai singer Thitaree Srithong", "price": "14.99", "available_tickets": 100, "image": "thai.jpg"}}, {"model": "events.event", "pk": 3, "fields": {"name": "Brandon Akara", "starts": "2022-03-25T18:00:00Z", "ends": "2022-03-25T23:00:00Z", "location_name": "Tramshed", "location_postcode": "CF11 6HU", "description": "DJ Don Don Akara smashing the decks", "price": "8.99", "available_tickets": 200, "image": ""}}, {"model": "checkout.order", "pk": 2, "fields": {"order_number": "F64D85D6DEF7490C8837B2EB22D28361", "user_profile": null, "full_name": "John Biggs", "email": "biggsy@gmail.com", "phone_number": "546456456545645", "country": "trtbtrgrtg", "postcode": "rthrthrth", "town_or_city": "rthrthrth", "street_address1": "rthrthrth", "street_address2": null, "county": null, "date": "2022-03-31T12:57:34.980Z", "delivery_cost": "0.00", "order_total": "29.98", "grand_total": "29.98", "original_bag": "", "stripe_pid": ""}}, {"model": "checkout.order", "pk": 3, "fields": {"order_number": "FB9C7DE2BC6846FDB8E00A622281EAA0", "user_profile": null, "full_name": "srfrefr", "email": "erferfre@rrf.com", "phone_number": "54t54", "country": "gfgdfvfdv", "postcode": "dfvfdfd", "town_or_city": "dfgdg", "street_address1": "dfvgdfgfd", "street_address2": "gfdgfd", "county": "gfdgfdgfdgg", "date": "2022-03-31T18:12:34.192Z", "delivery_cost": "0.00", "order_total": "29.97", "grand_total": "29.97", "original_bag": "", "stripe_pid": ""}}, {"model": "checkout.order", "pk": 4, "fields": {"order_number": "28E3D5395BBB41E3867E2C9CD8A6C0F8", "user_profile": null, "full_name": "gtgtrgtrg", "email": "trgtrgtrgrgt@rfrefe.com", "phone_number": "56456546", "country": "GB", "postcode": "tgtgtf", "town_or_city": "tgtfgtf", "street_address1": "ftgtfgtf", "street_address2": "gtfgtfg", "county": "ftgtfgft", "date": "2022-03-31T20:08:05.608Z", "delivery_cost": "0.00", "order_total": "27.97", "grand_total": "27.97", "original_bag": "", "stripe_pid": ""}}, {"model": "checkout.order", "pk": 5, "fields": {"order_number": "CE4584C5C4A949B4B2F01AFBA74788F8", "user_profile": null, "full_name": "frrgtrgtrg", "email": "trgrgtrgr@refre.com", "phone_number": "567567657656", "country": "GB", "postcode": "tgtrgtrg", "town_or_city": "rtgtrgtr", "street_address1": "rtgtrgr", "street_address2": "trgtrgt", "county": "rtgtrgtr", "date": "2022-03-31T20:11:29.892Z", "delivery_cost": "0.00", "order_total": "59.96", "grand_total": "59.96", "original_bag": "", "stripe_pid": ""}}, {"model": "checkout.order", "pk": 6, "fields": {"order_number": "6A6F0D492217440CAD55A164FD319204", "user_profile": null, "full_name": "gtrgtgr", "email": "gtrgtrgtrgtr@gtrgrtg.com", "phone_number": "54645654654", "country": "GB", "postcode": "hfhtyhyth", "town_or_city": "tyhthythyt", "street_address1": "rtgtrgtr", "street_address2": "rgtrgtr", "county": "rtgtrgtr", "date": "2022-03-31T21:11:50.908Z", "delivery_cost": "0.00", "order_total": "14.99", "grand_total": "14.99", "original_bag": "", "stripe_pid": ""}}, {"model": "checkout.order", "pk": 7, "fields": {"order_number": "2756DD11B12A40EDB2A04A2D4D99CBC8", "user_profile": null, "full_name": "rgergg", "email": "regrergegrd@drverg.com", "phone_number": "hrthhthtyhty", "country": "GB", "postcode": "GB", "town_or_city": "tyhtyht", "street_address1": "tyhtyhty", "street_address2": "tyhtyht", "county": "tyhtyhytht", "date": "2022-04-01T15:33:31.266Z", "delivery_cost": "0.00", "order_total": "24.98", "grand_total": "24.98", "original_bag": "{\"1\": 1, \"2\": 1}", "stripe_pid": "pi_3KjlWwF0oYB4ravR1fyAZem4"}}, {"model": "checkout.order", "pk": 8, "fields": {"order_number": "30849F63E1D9459B9CD0DCBAC9390D75", "user_profile": null, "full_name": "trtrtrbrt", "email": "thrthtrhtrhtr@regre.com", "phone_number": "56457657657", "country": "GB", "postcode": "tgtrgtrgtr", "town_or_city": "rtgtrgrt", "street_address1": "rtrtytry", "street_address2": "rtytrytr", "county": "rtytyrtytr", "date": "2022-04-01T15:54:23.761Z", "delivery_cost": "0.00", "order_total": "29.97", "grand_total": "29.97", "original_bag": "{\"1\": 3}", "stripe_pid": "pi_3KjmnLF0oYB4ravR1ilwsOU7"}}, {"model": "checkout.order", "pk": 9, "fields": {"order_number": "1C8756E6B1E642559A14D5F70BBE669B", "user_profile": null, "full_name": "htrhtryhtryhrth", "email": "rthtrhtrhrt@gregrege.com", "phone_number": "45654654654", "country": "GB", "postcode": "gfgtrgtrgtr", "town_or_city": "rtgtrgtrg", "street_address1": "rtgtrgrtg", "street_address2": "rtgtrgtrg", "county": "rtgrtgrtgr", "date": "2022-04-01T15:56:33.819Z", "delivery_cost": "0.00", "order_total": "89.91", "grand_total": "89.91", "original_bag": "{\"1\": 9}", "stripe_pid": "pi_3KjmpYF0oYB4ravR0jHNu7Ss"}}, {"model": "checkout.order", "pk": 10, "fields": {"order_number": "5E4C5A17417F416EBC5D88F9E8CFE946", "user_profile": null, "full_name": "trgtrrg", "email": "gtrhtrhtrh@regrege.com", "phone_number": "GFGTRGRTGTR", "country": "GB", "postcode": "rhtrhrthrth", "town_or_city": "trhtrhtrht", "street_address1": "trhtrhtrh", "street_address2": "trhtrhtr", "county": "rthtrhthrt", "date": "2022-04-01T16:02:41.745Z", "delivery_cost": "0.00", "order_total": "53.94", "grand_total": "53.94", "original_bag": "{\"3\": 6}", "stripe_pid": "pi_3KjmvOF0oYB4ravR14w1HzDZ"}}, {"model": "checkout.order", "pk": 11, "fields": {"order_number": "7268F430185E48C487E7B3AC0E15118D", "user_profile": null, "full_name": "regerrgege", "email": "gregregregr@regrergre.com", "phone_number": "hrthrthrthr", "country": "GB", "postcode": "rthrthrth", "town_or_city": "rthrthrth", "street_address1": "rthrthrth", "street_address2": "rthrthtrhr", "county": "rthrthrthr", "date": "2022-04-01T16:24:15.910Z", "delivery_cost": "0.00", "order_total": "0.00", "grand_total": "0.00", "original_bag": "{\"3\": 10}", "stripe_pid": "pi_3KjnGDF0oYB4ravR1TJU7vb4"}}, {"model": "checkout.order", "pk": 12, "fields": {"order_number": "F6A4EFCC398A40B19251486FE5ACD349", "user_profile": null, "full_name": "tgtrgrtgr", "email": "grthtrhtrhrthr@regregreg.com", "phone_number": "655676575675", "country": "GB", "postcode": "y6y6656y5", "town_or_city": "y56y56y5", "street_address1": "6y56y56y5", "street_address2": "6y56y56y", "county": "56y56y56", "date": "2022-04-01T16:28:16.584Z", "delivery_cost": "0.00", "order_total": "0.00", "grand_total": "0.00", "original_bag": "{\"3\": 10}", "stripe_pid": "pi_3KjnKDF0oYB4ravR1bXyCzNh"}}, {"model": "checkout.order", "pk": 13, "fields": {"order_number": "830F77D8541242BDBA55ED456620C923", "user_profile": null, "full_name": "trgtrgtrgtr", "email": "hrthtrhtrthr@regrg.com", "phone_number": "fdgfgfdgdg", "country": "GB", "postcode": "trbtrhthtr", "town_or_city": "trhtrhtrhr", "street_address1": "rthtrhrth", "street_address2": "rthtrhrth", "county": "trhrthrthrt", "date": "2022-04-01T16:29:52.574Z", "delivery_cost": "0.00", "order_total": "89.90", "grand_total": "89.90", "original_bag": "{\"3\": 10}", "stripe_pid": "pi_3KjnLiF0oYB4ravR1dxO23iX"}}, {"model": "checkout.order", "pk": 14, "fields": {"order_number": "BA757ACE019147FCBCB91C8ADCF41E8F", "user_profile": null, "full_name": "thtyhtyht", "email": "tyhythtyht@trtrhrth.com", "phone_number": "54654654", "country": "GB", "postcode": "trhrthtrh", "town_or_city": "trhrthtrh", "street_address1": "rthtrhtrh", "street_address2": "rthrthrth", "county": "rthrthtrhrt", "date": "2022-04-01T16:58:36.270Z", "delivery_cost": "0.00", "order_total": "29.98", "grand_total": "29.98", "original_bag": "{\"2\": 2}", "stripe_pid": "pi_3KjnnXF0oYB4ravR0N63tTSQ"}}, {"model": "checkout.order", "pk": 15, "fields": {"order_number": "82412004F834419D8783FC3ED8F08CD0", "user_profile": null, "full_name": "tyhythhyt", "email": "tyhthytyht@regrger.com", "phone_number": "regergreg", "country": "GB", "postcode": "rthtrhrth", "town_or_city": "trhtrhrthr", "street_address1": "rthrthtr", "street_address2": "rthrthrtrt", "county": "rthrthrt", "date": "2022-04-01T17:08:57.440Z", "delivery_cost": "0.00", "order_total": "29.98", "grand_total": "29.98", "original_bag": "{\"2\": 2}", "stripe_pid": "pi_3KjnxbF0oYB4ravR1PsL2VdZ"}}, {"model": "checkout.order", "pk": 16, "fields": {"order_number": "EAACAD3F4D3D4A02B027FB5E1D3F2E2C", "user_profile": null, "full_name": "trgtrgtrgtr", "email": "rgtrgtrgtr@referfre.com", "phone_number": "6765765765", "country": "GB", "postcode": "trhthtrh", "town_or_city": "rtbertgrt", "street_address1": "thtrhr", "street_address2": "trhtrhtr", "county": "rthtrhrth", "date": "2022-04-01T17:12:40.154Z", "delivery_cost": "0.00", "order_total": "44.97", "grand_total": "44.97", "original_bag": "{\"2\": 3}", "stripe_pid": "pi_3Kjo1AF0oYB4ravR0OUClpZO"}}, {"model": "checkout.order", "pk": 17, "fields": {"order_number": "51B14CA65BB7468AA1AB9FB663B30962", "user_profile": null, "full_name": "regerrgege", "email": "gregregregr@regrergre.com", "phone_number": "hrthrthrthr", "country": "GB", "postcode": "rthrthrth", "town_or_city": "rthrthrth", "street_address1": "rthrthrth", "street_address2": "rthrthtrhr", "county": "rthrthrthr", "date": "2022-04-01T17:24:29.154Z", "delivery_cost": "0.00", "order_total": "89.90", "grand_total": "89.90", "original_bag": "{\"3\": 10}", "stripe_pid": "pi_3KjnGDF0oYB4ravR1TJU7vb4"}}, {"model": "checkout.order", "pk": 18, "fields": {"order_number": "68C4680E3FF142B3B505F36329B2BDA0", "user_profile": null, "full_name": "tgtrgrtgr", "email": "grthtrhtrhrthr@regregreg.com", "phone_number": "655676575675", "country": "GB", "postcode": "y6y6656y5", "town_or_city": "y56y56y5", "street_address1": "6y56y56y5", "street_address2": "6y56y56y", "county": "56y56y56", "date": "2022-04-01T17:28:37.020Z", "delivery_cost": "0.00", "order_total": "89.90", "grand_total": "89.90", "original_bag": "{\"3\": 10}", "stripe_pid": "pi_3KjnKDF0oYB4ravR1bXyCzNh"}}, {"model": "checkout.order", "pk": 19, "fields": {"order_number": "653D7F346D9242EBB86CD4387331EC93", "user_profile": 1, "full_name": "FWOIUHWEF", "email": "leejonhouse@gmail.com", "phone_number": "56546546", "country": "GB", "postcode": "fdgfdgfd", "town_or_city": "dfgfdgdf", "street_address1": "11A gfdgfdg", "street_address2": "dfgfdgd", "county": "dfgfdgd", "date": "2022-04-06T22:05:35.022Z", "delivery_cost": "0.00", "order_total": "108.90", "grand_total": "108.90", "original_bag": "{\"2\": 3, \"1\": 1, \"3\": 6}", "stripe_pid": "pi_3KlgxoF0oYB4ravR1jp2o45o"}}, {"model": "checkout.order", "pk": 20, "fields": {"order_number": "918D24492D874730A887F545416D8468", "user_profile": 1, "full_name": "BEE GENVINSON", "email": "leejonhouse@gmail.com", "phone_number": "56546546", "country": "GB", "postcode": "fdgfdgfd", "town_or_city": "dfgfdgdf", "street_address1": "11A gfdgfdg", "street_address2": "dfgfdgd", "county": "dfgfdgd", "date": "2022-04-06T22:22:26.733Z", "delivery_cost": "0.00", "order_total": "890.01", "grand_total": "890.01", "original_bag": "{\"3\": 99}", "stripe_pid": "pi_3KlhEmF0oYB4ravR0F3oiNF7"}}, {"model": "checkout.order", "pk": 21, "fields": {"order_number": "52409C25B57D4398AE1264D6A268C620", "user_profile": 1, "full_name": "James Dean", "email": "leejonhouse@gmail.com", "phone_number": "56546546", "country": "GB", "postcode": "fdgfdgfd", "town_or_city": "dfgfdgdf", "street_address1": "11A gfdgfdg", "street_address2": "dfgfdgd", "county": "dfgfdgd", "date": "2022-04-06T22:24:42.083Z", "delivery_cost": "0.00", "order_total": "749.50", "grand_total": "749.50", "original_bag": "{\"2\": 50}", "stripe_pid": "pi_3KlhH4F0oYB4ravR1umuXTYr"}}, {"model": "checkout.order", "pk": 22, "fields": {"order_number": "A3DCB5B3016142E7971EB2CAD7E1812D", "user_profile": 1, "full_name": "Steven Jones", "email": "leejonhouse@gmail.com", "phone_number": "56546546", "country": "GB", "postcode": "fdgfdgfd", "town_or_city": "dfgfdgdf", "street_address1": "11A gfdgfdg", "street_address2": "dfgfdgd", "county": "dfgfdgd", "date": "2022-04-06T22:28:44.162Z", "delivery_cost": "0.00", "order_total": "989.01", "grand_total": "989.01", "original_bag": "{\"1\": 99}", "stripe_pid": "pi_3KlhKuF0oYB4ravR0iAgiGW9"}}, {"model": "checkout.order", "pk": 23, "fields": {"order_number": "F041AB68CBB74661B50FB0E0449EC33E", "user_profile": 1, "full_name": "tgrtgrtgtrgr", "email": "leejonhouse@gmail.com", "phone_number": "56546546", "country": "GB", "postcode": "fdgfdgfd", "town_or_city": "dfgfdgdf", "street_address1": "11A gfdgfdg", "street_address2": "dfgfdgd", "county": "dfgfdgd", "date": "2022-04-06T22:30:49.284Z", "delivery_cost": "0.00", "order_total": "99.90", "grand_total": "99.90", "original_bag": "{\"1\": 10}", "stripe_pid": "pi_3KlhN3F0oYB4ravR0D8wVjKH"}}, {"model": "checkout.orderlineitem", "pk": 4, "fields": {"order": 2, "event": 2, "quantity": 2, "lineitem_total": "29.98"}}, {"model": "checkout.orderlineitem", "pk": 5, "fields": {"order": 3, "event": 1, "quantity": 3, "lineitem_total": "29.97"}}, {"model": "checkout.orderlineitem", "pk": 6, "fields": {"order": 4, "event": 3, "quantity": 2, "lineitem_total": "17.98"}}, {"model": "checkout.orderlineitem", "pk": 7, "fields": {"order": 4, "event": 1, "quantity": 1, "lineitem_total": "9.99"}}, {"model": "checkout.orderlineitem", "pk": 8, "fields": {"order": 5, "event": 2, "quantity": 4, "lineitem_total": "59.96"}}, {"model": "checkout.orderlineitem", "pk": 9, "fields": {"order": 6, "event": 2, "quantity": 1, "lineitem_total": "14.99"}}, {"model": "checkout.orderlineitem", "pk": 10, "fields": {"order": 7, "event": 1, "quantity": 1, "lineitem_total": "9.99"}}, {"model": "checkout.orderlineitem", "pk": 11, "fields": {"order": 7, "event": 2, "quantity": 1, "lineitem_total": "14.99"}}, {"model": "checkout.orderlineitem", "pk": 12, "fields": {"order": 8, "event": 1, "quantity": 3, "lineitem_total": "29.97"}}, {"model": "checkout.orderlineitem", "pk": 13, "fields": {"order": 9, "event": 1, "quantity": 9, "lineitem_total": "89.91"}}, {"model": "checkout.orderlineitem", "pk": 14, "fields": {"order": 10, "event": 3, "quantity": 6, "lineitem_total": "53.94"}}, {"model": "checkout.orderlineitem", "pk": 15, "fields": {"order": 13, "event": 3, "quantity": 10, "lineitem_total": "89.90"}}, {"model": "checkout.orderlineitem", "pk": 16, "fields": {"order": 14, "event": 2, "quantity": 2, "lineitem_total": "29.98"}}, {"model": "checkout.orderlineitem", "pk": 17, "fields": {"order": 15, "event": 2, "quantity": 2, "lineitem_total": "29.98"}}, {"model": "checkout.orderlineitem", "pk": 18, "fields": {"order": 16, "event": 2, "quantity": 3, "lineitem_total": "44.97"}}, {"model": "checkout.orderlineitem", "pk": 19, "fields": {"order": 17, "event": 3, "quantity": 10, "lineitem_total": "89.90"}}, {"model": "checkout.orderlineitem", "pk": 20, "fields": {"order": 18, "event": 3, "quantity": 10, "lineitem_total": "89.90"}}, {"model": "checkout.orderlineitem", "pk": 21, "fields": {"order": 19, "event": 2, "quantity": 3, "lineitem_total": "44.97"}}, {"model": "checkout.orderlineitem", "pk": 22, "fields": {"order": 19, "event": 1, "quantity": 1, "lineitem_total": "9.99"}}, {"model": "checkout.orderlineitem", "pk": 23, "fields": {"order": 19, "event": 3, "quantity": 6, "lineitem_total": "53.94"}}, {"model": "checkout.orderlineitem", "pk": 24, "fields": {"order": 20, "event": 3, "quantity": 99, "lineitem_total": "890.01"}}, {"model": "checkout.orderlineitem", "pk": 25, "fields": {"order": 21, "event": 2, "quantity": 50, "lineitem_total": "749.50"}}, {"model": "checkout.orderlineitem", "pk": 26, "fields": {"order": 22, "event": 1, "quantity": 99, "lineitem_total": "989.01"}}, {"model": "checkout.orderlineitem", "pk": 27, "fields": {"order": 23, "event": 1, "quantity": 10, "lineitem_total": "99.90"}}, {"model": "profiles.userprofile", "pk": 1, "fields": {"user": 1, "default_phone_number": "56546546", "default_street_address1": "11A gfdgfdg", "default_street_address2": "dfgfdgd", "default_town_or_city": "dfgfdgdf", "default_county": "dfgfdgd", "default_postcode": "fdgfdgfd", "default_country": "GB"}}]